labels,Alcohol,Malic_Acid,Ash,Ash_Alcanity,Magnesium,Total_Phenols,Flavanoids,Nonflavanoid_Phenols,Proanthocyanins,Color_Intensity,Hue,OD280,Proline
0,12.504242424242424,2.443181818181819,2.283787878787879,20.777272727272727,92.46969696969697,2.0733333333333337,1.7954545454545456,0.38469696969696954,1.4718181818181821,4.072424227272728,0.9462121212121212,2.5048484848484858,452.54545454545456
1,13.527500000000002,1.9259375,2.3709374999999997,17.724999999999998,105.86749999999999,2.725,2.7424999999999997,0.28875000000000006,1.8759375,4.98875,1.0426875,3.0890624999999994,1017.4375
2,12.932807017543864,2.661929824561404,2.4031578947368413,19.980701754385965,101.68,2.0491228070175445,1.4631578947368424,0.40192982456140336,1.4335087719298238,5.705736842105263,0.865087719298246,2.2963157894736845,697.0877192982456
3,13.860000000000001,1.7939130434782609,2.5069565217391307,17.07391304347826,106.0,2.9430434782608708,3.110869565217391,0.29869565217391303,1.9260869565217387,6.260000000000001,1.1,3.035652173913044,1330.64
